﻿Daily Discharge (m3/s) (PARAM = 1) ,,,,,,,,,,,,,,,,
 ID,PARAM,TYPE,YEAR,DD,Jan,Feb,Mar,Apr,May,Jun,Jul,Aug,Sep,Oct,Nov,Dec
02GA016,1,1,2013,1,4.4,60,5.7,6.61,5.27,17.2,4.93,53.3,6.11,7.85,23.7,4.79
02GA016,1,1,2013,2,4.41,40.5,5.7,6.46,4.59,18.6,5.94,82.9,6.11,5.91,30.4,4.78
02GA016,1,1,2013,3,4.42,14.4,5.71,6.37,4.58,18.6,6.75,54.3,6.09,10.3,30.5,4.79
02GA016,1,1,2013,4,4.42,5.86,5.7,6.33,4.58,14.2,6.78,25.9,4.75,10.4,30.5,4.77
02GA016,1,1,2013,5,4.4,5.88,5.69,6.28,4.58,11.6,6.79,17.8,3.12,10.3,27.2,4.75
02GA016,1,1,2013,6,4.41,5.86,5.67,6.23,4.6,6.92,6.11,17.9,3.79,10.3,15.4,4.6
02GA016,1,1,2013,7,4.44,5.85,5.67,6.21,4.62,5.81,5.63,17.9,4.82,10.5,43.2,4.96
02GA016,1,1,2013,8,4.46,5.86,5.65,33.1,4.63,6.28,13.4,18,4.82,10.5,50.1,5.17
02GA016,1,1,2013,9,4.5,5.83,5.66,72.9,4.65,6.3,70.1,9.9,4.83,10.7,49.5,4.72
02GA016,1,1,2013,10,4.51,5.82,5.69,135,4.67,6.33,76.6,6.17,4.85,10.7,48.5,3.57
02GA016,1,1,2013,11,4.5,5.83,5.78,168,4.68,13.4,5.74,6.57,5.54,10.7,50,3.65
02GA016,1,1,2013,12,4.49,5.78,5.96,97.3,4.72,20.7,8.08,6.71,4.87,10.7,53.6,3.64
02GA016,1,1,2013,13,19.2,5.76,33.3,73.7,4.7,22.4,21.3,6.69,4.89,10.7,56,3.6
02GA016,1,1,2013,14,50,5.76,48.7,58.3,4.71,19.2,32.6,6.71,4.93,10.5,47.5,3.6
02GA016,1,1,2013,15,69.9,5.74,45.8,44.5,4.72,12,32.3,6.7,4.96,10.5,42,3.61
02GA016,1,1,2013,16,64.8,5.72,48.1,33.7,4.72,11.4,31,6.12,4.47,10.6,43.8,3.61
02GA016,1,1,2013,17,35.4,5.71,46.7,22.6,4.72,11.5,20.1,5.29,3.68,10.5,43.6,3.61
02GA016,1,1,2013,18,8.45,5.78,29.4,19.8,4.72,10.3,5.65,5.26,3.71,8.05,51,3.61
02GA016,1,1,2013,19,5.74,5.82,20,57.1,4.72,6.01,4.79,5.13,3.72,5.98,54.6,3.62
02GA016,1,1,2013,20,5.68,5.78,19.9,74.5,4.74,4.93,5.17,5.14,3.74,10.7,51.4,4.67
02GA016,1,1,2013,21,5.66,5.69,20.1,47.8,4.79,4.93,5.22,5.3,3.8,10.8,41.4,5.53
02GA016,1,1,2013,22,5.66,5.74,20.1,19.4,14,4.93,5.26,5.31,9.76,12,37.9,5.37
02GA016,1,1,2013,23,5.64,5.76,19.8,4.9,10.6,4.93,5.22,5.35,13.7,12.6,42.7,5.57
02GA016,1,1,2013,24,5.73,5.75,18,4.82,8.18,4.93,5.22,5.41,13.5,12.6,29.3,5.55
02GA016,1,1,2013,25,5.76,5.72,10.9,4.75,6.2,4.95,5.22,5.46,13.5,12.6,4.09,5.73
02GA016,1,1,2013,26,5.75,5.7,6.49,7.93,4.88,4.94,6.47,5.5,13.4,12.7,4.23,5.69
02GA016,1,1,2013,27,5.72,5.73,6.51,9.33,4.72,4.95,7.06,5.49,13.3,12.8,4.61,5.7
02GA016,1,1,2013,28,5.72,5.73,6.55,9.66,4.98,4.96,7.19,5.52,13.2,12.7,5.05,5.9
02GA016,1,1,2013,29,5.72,,6.64,9.53,29.8,9.5,7.21,5.91,11.3,14.4,4.74,5.91
02GA016,1,1,2013,30,5.93,,6.84,8.57,47.8,6.98,7.21,6.11,10.8,21.7,4.8,5.57
02GA016,1,1,2013,31,40.3,,6.88,,25.9,,7.24,6.11,,21.7,,5.49
02GA016,1,1,2014,1,5.58,5.56,4.21,5.52,36.2,4.91,7.1,6.73,6.18,6.11,5.94,43.7
02GA016,1,1,2014,2,5.44,5.62,4.21,5.67,38.4,4.69,5.18,6.77,6.18,6.1,5.97,32.6
02GA016,1,1,2014,3,5.34,5.76,4.22,13.9,26.8,4.54,5.19,6.8,6.17,6.13,6,18
02GA016,1,1,2014,4,5.3,5.85,4.21,20.8,21,4.56,5.2,6.9,6.16,6.15,6.04,8.29
02GA016,1,1,2014,5,5.25,5.72,4.16,21.6,17.6,4.46,5.23,7.04,6.19,6.19,6.03,5.9
02GA016,1,1,2014,6,5.32,5.54,4.18,27.4,11.7,4.32,5.26,7.16,11.2,6.2,6.03,5.89
02GA016,1,1,2014,7,5.29,5.49,7.14,37.7,9.59,4.28,5.31,7.27,13.5,6.21,6.02,5.87
02GA016,1,1,2014,8,4.41,5.46,9.83,54.7,6.45,4.3,5.31,6.57,13.4,10.6,6.07,5.89
02GA016,1,1,2014,9,4.01,5.48,10,96.7,6.89,4.29,10.8,6.16,13.4,17,5.7,5.89
02GA016,1,1,2014,10,3.98,5.48,9.31,105,8.54,4.29,13.2,6.16,13.6,16.9,5.78,5.87
02GA016,1,1,2014,11,4.01,5.58,8.89,150,8.51,4.31,10.6,6.21,32.4,16.7,6.01,5.88
02GA016,1,1,2014,12,4.63,5.55,8.38,180,8.51,4.35,6.58,6.19,47,16.5,6.08,5.87
02GA016,1,1,2014,13,4.97,5.32,8.1,185,8.59,4.29,6.61,6.13,31.1,9.38,6.11,5.87
02GA016,1,1,2014,14,4.84,5.42,4.51,210,8.18,4.28,6.61,6.11,21.2,6.03,6.02,5.87
02GA016,1,1,2014,15,5.26,5.54,2.84,225,14,4.31,6.63,6.12,11.2,6.05,6.01,5.93
02GA016,1,1,2014,16,5.52,5.36,2.9,116,19.3,4.33,6.24,6.12,11.2,6.05,6,5.95
02GA016,1,1,2014,17,8.08,5.22,3.03,39.9,19.4,4.37,6.71,6.08,11.1,12,13,5.99
02GA016,1,1,2014,18,10.1,4.97,3.25,33.1,14.8,4.35,7.13,6.07,11.1,17.2,16.8,5.98
02GA016,1,1,2014,19,10.6,4.91,3.78,28.7,10.6,4.32,7.25,6.09,11,17,16.3,5.96
02GA016,1,1,2014,20,7.78,4.86,3.86,19.1,6.32,4.46,7.29,6.1,11,17.1,16.2,5.97
02GA016,1,1,2014,21,5.26,7.74,3.84,14.8,4.74,4.54,7.31,6.11,11.1,9.94,16,5.97
02GA016,1,1,2014,22,5.43,10.1,3.78,18,4.75,4.56,7.38,6.12,11.1,6.03,15.9,5.97
02GA016,1,1,2014,23,5.56,10.1,3.73,21.6,4.77,4.56,7.36,7.14,11.1,6.06,15.7,5.98
02GA016,1,1,2014,24,5.54,9.75,3.89,23.5,4.76,4.59,7.37,7.6,11.1,12.5,15.2,12.8
02GA016,1,1,2014,25,5.43,6.52,3.97,24.4,4.78,5.54,7.46,7.62,11.1,16.8,18,47.3
02GA016,1,1,2014,26,5.37,4.23,4.08,24.4,4.8,5.13,7.17,7.63,8.44,11,17.8,62.9
02GA016,1,1,2014,27,5.38,4.21,4.25,11.3,4.84,5.13,7.1,7.59,6.16,6,32.2,58.6
02GA016,1,1,2014,28,5.4,4.21,4.44,4.81,4.89,5.14,7.12,7.08,6.15,4.59,47.1,48
02GA016,1,1,2014,29,5.44,,4.79,9.3,4.86,5.17,10.2,6.12,6.15,4.54,49.2,29.8
02GA016,1,1,2014,30,5.47,,5.14,26.2,4.87,7.18,12.7,6.12,6.11,5.98,46.6,10.6
02GA016,1,1,2014,31,5.5,,5.14,,4.88,,8.64,6.16,,5.98,,5.24
02GA016,1,1,2015,1,5.26,3.7,2.93,5.84,4.08,3.92,53.4,5.9,4.29,4.66,3.97,22.1
02GA016,1,1,2015,2,5.25,3.69,2.91,4.92,4.1,3.93,37.2,5.85,4.31,4.71,3.96,21.3
02GA016,1,1,2015,3,5.36,3.74,2.91,3.47,4.11,3.96,19.1,5.85,4.33,4.75,3.93,14.4
02GA016,1,1,2015,4,5.5,3.74,2.88,3.48,4.06,3.97,6.33,5.94,4.36,4.83,3.92,8.47
02GA016,1,1,2015,5,5.47,3.71,2.86,3.44,4.05,3.99,6.34,5.93,4.38,4.87,3.93,5.85
02GA016,1,1,2015,6,5.6,3.54,2.86,3.5,4.07,4,6.34,5.94,4.42,4.91,3.96,5.85
02GA016,1,1,2015,7,5.73,3.01,2.84,3.5,4.08,4.04,6.36,5.06,4.07,4.87,3.95,5.85
02GA016,1,1,2015,8,5.46,2.87,2.82,5.28,4.09,4.13,6.32,4.25,3.17,4.89,3.96,5.84
02GA016,1,1,2015,9,5.36,2.89,2.8,6.1,4.14,4.51,6.31,4.27,3.14,4.8,3.96,5.54
02GA016,1,1,2015,10,5.32,2.9,2.81,5.85,4.1,4.86,6.3,4.28,3.21,4.8,3.96,5.58
02GA016,1,1,2015,11,5.25,2.93,2.86,5.33,4.1,4.84,6.32,4.28,3.31,4.85,3.95,5.8
02GA016,1,1,2015,12,5.13,2.93,2.84,12.6,4.11,4.97,6.34,4.3,3.37,4.9,3.96,5.75
02GA016,1,1,2015,13,5.1,2.95,2.84,13.3,4.07,40.5,6.37,4.31,3.37,4.97,3.86,5.74
02GA016,1,1,2015,14,4.96,2.85,2.84,17.4,4.07,41.3,6.4,4.32,3.36,5.04,3.79,5.79
02GA016,1,1,2015,15,4.8,2.98,2.83,29.9,4.06,29.8,6.36,4.32,3.38,5.14,3.74,5.82
02GA016,1,1,2015,16,4.88,2.86,2.88,18,4.03,34.4,6.39,4.34,3.39,4.4,3.8,5.81
02GA016,1,1,2015,17,4.93,2.89,3.04,9.63,4.02,40.8,6.43,4.35,3.42,3.7,4.1,5.69
02GA016,1,1,2015,18,5.03,2.89,3.03,7.76,3.99,30.9,6.45,4.54,3.44,3.71,3.95,5.31
02GA016,1,1,2015,19,5.03,2.85,3.08,4.86,3.97,18,6.49,4.4,3.48,3.77,3.97,5.38
02GA016,1,1,2015,20,4.84,2.8,3.18,10.8,3.95,8.59,6.53,4.42,3.17,3.79,3.99,5.18
02GA016,1,1,2015,21,4.7,2.82,3.2,22.8,3.95,7.3,6.55,4.37,2.92,3.84,3.97,5.18
02GA016,1,1,2015,22,4.57,2.87,3.18,21.2,3.93,7.36,6.59,4.35,2.92,3.82,3.99,5.59
02GA016,1,1,2015,23,4.05,2.92,3.91,16.4,3.91,7.44,6.46,4.38,4.35,3.85,3.99,7.78
02GA016,1,1,2015,24,3.75,2.98,5.34,11.7,3.9,10.2,6.34,4.4,5.54,3.92,4.01,12.3
02GA016,1,1,2015,25,3.74,3.01,5.44,9.71,3.91,11.5,6.53,4.42,5.59,3.93,3.6,12.3
02GA016,1,1,2015,26,3.76,2.98,5.33,9.71,3.9,11.5,6.63,4.44,5.62,3.96,3.13,12.2
02GA016,1,1,2015,27,3.78,2.98,5.52,6.36,3.9,11.5,6.67,4.41,5.8,3.92,12.6,12.2
02GA016,1,1,2015,28,3.83,2.96,5.54,4.81,3.88,11.5,6.75,4.36,5.97,3.89,22.5,11.7
02GA016,1,1,2015,29,3.85,,5.51,4.82,3.91,32.4,6.12,4.25,5.09,3.96,23,12.2
02GA016,1,1,2015,30,3.83,,5.73,4.5,3.93,50.4,5.69,4.26,4.62,3.96,22.7,17.5
02GA016,1,1,2015,31,3.73,,5.86,,3.93,,5.79,4.27,,3.96,,20.9
02GA016,1,1,2016,1,20.8,17.8,38.7,128,3.86,4.16,4.55,5.38,4.07,4.35,1.84,0.924
02GA016,1,1,2016,2,20.7,30.5,31.8,84.5,3.86,4.25,4.52,5.46,4.1,4.28,1.82,0.919
02GA016,1,1,2016,3,10,35.6,9.14,35.1,3.96,4.39,4.5,5.59,4.13,4.32,1.85,0.914
02GA016,1,1,2016,4,4.16,39.5,4.78,22,3.88,4.12,4.52,5.6,4.15,4.4,1.93,0.923
02GA016,1,1,2016,5,4.18,40.4,4.81,18.2,3.52,4.13,4.65,4.45,4.11,4.14,1.92,0.936
02GA016,1,1,2016,6,4.15,39.9,4.8,18.2,3.34,4.11,4.7,4.2,4.12,3.96,1.91,0.932
02GA016,1,1,2016,7,4.11,24.7,4.84,30,3.36,4.11,4.73,4.42,4.15,3.3,1.9,0.948
02GA016,1,1,2016,8,4.08,10.7,4.86,48,3.36,4.1,4.76,4.44,4.16,2.95,1.57,0.923
02GA016,1,1,2016,9,4.09,4.89,16.9,47.9,3.7,4.24,4.8,4.77,4.16,2.92,1.35,0.9
02GA016,1,1,2016,10,9.74,4.89,68.5,31.7,4.18,4.08,4.81,4.97,4.22,2.9,1.38,0.896
02GA016,1,1,2016,11,26.7,4.93,82.3,23,4.18,4.23,4.86,4.96,4.23,2.87,1.38,0.885
02GA016,1,1,2016,12,34,4.98,56.7,23.1,4.21,4.05,4.62,4.98,4.27,2.87,1.48,0.891
02GA016,1,1,2016,13,33.2,4.94,42.3,22.8,3.91,4.27,4.43,5.04,4.29,2.83,1.48,0.896
02GA016,1,1,2016,14,21.2,4.96,29.1,22.6,3.34,4.01,4.45,5.03,4.23,2.56,1.47,0.915
02GA016,1,1,2016,15,6.43,4.95,19.4,18.1,3.31,4.17,4.49,4.4,4.17,2.33,1.48,0.914
02GA016,1,1,2016,16,4.26,4.93,18.4,16.1,3.31,3.94,4.5,4.04,4.1,2.33,1.48,0.907
02GA016,1,1,2016,17,4.23,4.93,28,16,3.31,3.93,4.54,4.03,4.1,2.31,1.5,0.898
02GA016,1,1,2016,18,4.26,4.94,33.6,9.54,3.38,3.91,4.46,3.97,4.11,2.3,1.04,0.885
02GA016,1,1,2016,19,4.36,4.94,33.6,4.93,3.35,3.93,4.37,3.99,4.13,2.26,0.77,0.89
02GA016,1,1,2016,20,4.39,4.96,33.4,5.14,3.37,4.23,4.71,4.01,4.18,2.26,0.75,0.901
02GA016,1,1,2016,21,4.37,4.87,33.1,5.07,3.38,4.39,5.03,4.03,4.81,2.31,0.746,0.889
02GA016,1,1,2016,22,4.36,4.89,23.9,5.03,3.38,4.48,5,4.04,4.21,2.34,0.755,0.88
02GA016,1,1,2016,23,4.38,4.81,19.7,4.94,3.4,4.76,4.98,4.08,4.17,2.34,0.882,0.883
02GA016,1,1,2016,24,4.43,4.81,19.2,4.94,3.41,4.76,4.98,4.11,4.2,2.32,0.788,0.888
02GA016,1,1,2016,25,4.42,4.83,34.1,4.94,5.33,4.72,4.88,4.06,4.16,2.34,0.842,0.881
02GA016,1,1,2016,26,4.43,4.83,45.6,4.95,5.77,4.68,5,3.68,4.21,2.4,0.898,0.939
02GA016,1,1,2016,27,4.41,4.83,51.2,4.92,3.98,4.71,5.02,3.54,5.5,2.04,0.889,1
02GA016,1,1,2016,28,4.91,4.85,70.4,4.26,3.96,4.64,5.1,3.9,6.18,1.88,0.894,2.27
02GA016,1,1,2016,29,5.09,26.2,134,3.97,3.97,4.56,5.16,4.03,5.57,1.88,0.904,3.02
02GA016,1,1,2016,30,5.95,,100,3.87,3.98,4.56,5.22,4.02,4.4,1.86,0.906,3
02GA016,1,1,2016,31,5.96,,70.7,,4.38,,5.29,4.04,,1.85,,3
02GA016,1,1,2017,1,3,10.1,34.1,3.77,16.8,5.86,23.4,9.04,4.86,6.28,6.11,24.2
02GA016,1,1,2017,2,2.99,10.2,64.1,3.74,66.8,5.91,24.4,7.84,4.89,4.46,6.52,23.4
02GA016,1,1,2017,3,3.05,7.44,57.3,3.73,73.2,5.95,24.3,7.05,4.91,3.48,6.02,23.3
02GA016,1,1,2017,4,3.09,5.67,26.6,6.57,40.7,5.99,16,7.18,4.93,3.49,5.76,22.9
02GA016,1,1,2017,5,3.26,5.68,16.2,30.5,42.3,6,10.2,7.11,4.08,3.5,5.65,22.3
02GA016,1,1,2017,6,3.37,5.69,15.4,44.7,72.1,6,10.2,7.26,3.49,3.5,9.73,21.8
02GA016,1,1,2017,7,3.33,5.69,12.5,63.9,82,6.85,7.83,7.31,3.34,3.55,14.9,15.9
02GA016,1,1,2017,8,3.25,5.69,9.83,57.2,40.1,5.86,6.7,7.42,3.32,3.56,14.9,9.19
02GA016,1,1,2017,9,3.24,5.68,9.5,35.9,15,5.19,6.73,7.52,3.32,3.57,15,15.3
02GA016,1,1,2017,10,3.25,5.66,8.42,30,7.41,5.2,6.75,7.62,3.3,3.59,14.4,11.3
02GA016,1,1,2017,11,3.39,5.63,5.66,29.7,7.43,4.64,6.77,7.62,3.28,2.98,14.6,3.29
02GA016,1,1,2017,12,16,5.64,4.63,29.9,7.07,4.9,6.84,7.57,3.27,3.56,14.4,3.27
02GA016,1,1,2017,13,24.9,5.66,3.22,20.9,5.42,6.56,12,7.55,3.27,3.92,14.1,3.25
02GA016,1,1,2017,14,35.1,5.72,3.22,15,4.77,5.12,12.4,7.52,3.26,6.97,11.7,3.25
02GA016,1,1,2017,15,39.9,5.7,3.23,12,4.73,4.48,7.91,7.57,4.87,8.31,10.1,3.25
02GA016,1,1,2017,16,36.6,5.72,3.23,10.4,4.75,4.19,5.99,7.57,6.28,8.09,10.7,3.24
02GA016,1,1,2017,17,31.4,5.73,3.62,10.3,4.77,4.19,10.3,7.58,6.27,8.01,16.2,3.21
02GA016,1,1,2017,18,26.1,5.74,3.9,10.3,4.78,4.18,12.8,7.57,6.25,7.91,15.8,3.21
02GA016,1,1,2017,19,25,6.4,3.91,10.3,4.76,4.14,12.5,7.54,6.23,6.36,18.6,3.21
02GA016,1,1,2017,20,24.5,9.86,3.9,10.3,4.77,4.13,12.6,7.52,6.25,5.37,7.6,3.19
02GA016,1,1,2017,21,24.4,17.7,3.91,14.6,4.81,7.89,17.2,7.12,6.28,8.16,5.23,3.19
02GA016,1,1,2017,22,24.5,24.8,3.88,18.2,4.82,9.66,19.4,6.44,6.28,7.85,5.08,3.18
02GA016,1,1,2017,23,37.9,66.2,3.89,10.8,8.03,197,19.4,6.39,6.31,7.84,4.99,3.18
02GA016,1,1,2017,24,49.8,101,3.91,6.36,8.15,221,19.2,6.59,6.29,7.96,4.96,3.18
02GA016,1,1,2017,25,42,104,3.89,4.85,7.56,91.4,19.3,5.4,6.28,12.9,4.9,3.2
02GA016,1,1,2017,26,35,76.1,6.32,4.84,9.39,52.5,19.4,4.84,6.28,15,16.6,3.2
02GA016,1,1,2017,27,25.8,37.9,3.89,4.84,9.96,24.4,19.4,4.84,6.26,12.5,24.8,3.19
02GA016,1,1,2017,28,14,25.9,6.74,6.78,10,21,19.4,4.85,6.24,12.1,25.1,3.19
02GA016,1,1,2017,29,9.83,,3.8,7.71,7.18,21.3,19.4,4.84,6.34,12.1,24.1,3.19
02GA016,1,1,2017,30,10.1,,3.74,6.64,5.81,21.4,12.2,4.82,6.31,8.5,25.3,3.19
02GA016,1,1,2017,31,10.1,,3.86,,5.84,,8.9,4.83,,6.48,,3.2
02GA016,1,1,2018,1,3.21,6.21,23.3,3.46,11.5,4.98,4.45,4.54,5.35,4.68,3.01,4.98
02GA016,1,1,2018,2,3.22,6.17,11.1,3.46,9.81,4.96,4.45,4.56,5.36,4.51,2.97,4.95
02GA016,1,1,2018,3,3.2,6.19,6.3,3.46,7.58,4.96,4.45,4.34,5.34,4.73,3.74,4.7
02GA016,1,1,2018,4,3.19,6.14,6.31,3.58,8.15,4.95,4.43,4.26,5.42,4.76,4.54,4.99
02GA016,1,1,2018,5,3.2,5.73,6.32,3.54,17,4.91,4.43,4.31,5.48,4.79,4.45,5.8
02GA016,1,1,2018,6,3.21,4.14,6.34,3.56,12.2,4.89,4.39,4.37,5.52,4.8,4.39,5.63
02GA016,1,1,2018,7,3.23,3.45,6.36,3.57,4.89,4.88,4.39,4.41,5.96,4.84,4.36,5.58
02GA016,1,1,2018,8,3.22,3.45,6.37,3.58,4.83,4.86,4.38,4.46,5.54,4.89,5.34,5.58
02GA016,1,1,2018,9,3.19,3.46,5.41,3.58,4.82,4.85,4.36,4.52,5.59,4.91,11.1,15.1
02GA016,1,1,2018,10,3.19,3.44,3.48,3.58,4.84,4.84,4.31,4.55,5.63,4.95,19,20.1
02GA016,1,1,2018,11,3.22,3.44,3.48,3.58,4.82,4.84,4.61,4.6,5.62,5.01,14.5,19.9
02GA016,1,1,2018,12,3.38,3.44,3.47,4.98,4.81,4.84,4.92,4.64,5.69,5.04,14.1,19.8
02GA016,1,1,2018,13,44.3,3.44,3.49,15.6,4.82,4.82,5.01,4.65,5.71,5.08,13.8,20.3
02GA016,1,1,2018,14,72.1,3.44,3.47,53.9,6.36,4.8,5.06,4.68,5.73,5.13,13.5,18.5
02GA016,1,1,2018,15,65.5,3.48,3.47,69.1,4.84,4.78,5.1,4.71,5.76,5.15,13.1,22.7
02GA016,1,1,2018,16,51.7,3.45,3.48,28.7,14.5,4.77,5.1,4.77,5.83,5.19,12.8,26.9
02GA016,1,1,2018,17,21,3.39,3.48,9.92,25.6,4.76,5.14,4.84,5.84,5.23,12.4,27.8
02GA016,1,1,2018,18,6.18,3.39,3.48,9.83,13.4,4.74,5.17,4.86,5.81,4.91,12,27
02GA016,1,1,2018,19,6.17,5.18,3.47,14.2,6.58,4.72,5.18,4.91,5.87,5.07,11.6,22.5
02GA016,1,1,2018,20,6.16,6.6,3.45,16.4,4.88,4.72,5.2,4.96,5.98,5.12,10.2,19.3
02GA016,1,1,2018,21,6.11,67.3,3.42,16.4,4.88,4.72,5.25,5.01,6.21,3.77,7.33,18.1
02GA016,1,1,2018,22,6.14,160,3.46,57.9,4.88,4.74,5.3,5.02,6.22,3.66,7.44,23.7
02GA016,1,1,2018,23,23.3,134,3.44,126,4.9,4.71,5.33,5.02,6.32,3.64,7.06,25.5
02GA016,1,1,2018,24,40.4,81.6,3.45,120,4.89,4.71,5.38,5.04,5.09,3.64,5.57,22.3
02GA016,1,1,2018,25,34.8,57.5,3.44,99.3,7.79,4.72,4.72,5.08,4.53,3.62,5.58,15.8
02GA016,1,1,2018,26,34.6,49.8,3.43,96.6,9.22,4.73,4.36,5.09,4.5,3.39,14.7,11.1
02GA016,1,1,2018,27,33.9,36.8,3.43,65.1,9.26,4.71,4.38,5.14,4.53,2.95,19.6,7.73
02GA016,1,1,2018,28,32.5,29.5,3.41,48.9,7.59,4.69,4.4,5.19,4.57,3,19.5,6.11
02GA016,1,1,2018,29,31.1,,3.44,33.8,5,4.69,4.43,5.22,4.61,3.01,14,20.8
02GA016,1,1,2018,30,21.7,,3.41,17.9,5,4.62,4.46,5.24,4.66,2.97,5.03,30.4
02GA016,1,1,2018,31,6.22,,3.46,,5.01,,4.49,5.3,,3.03,,29.5
02GA016,1,1,2019,1,29.7,3.96,3.39,48.3,32.2,11.9,5.27,3.9,3.82,3.42,4.57,13
02GA016,1,1,2019,2,29.4,3.94,2.54,47.8,32.4,9.57,5.3,3.89,3.79,3.42,5.34,11.2
02GA016,1,1,2019,3,28,3.94,2.56,47.3,32.6,5.63,5.31,3.88,3.78,3.44,5.54,11.2
02GA016,1,1,2019,4,24.7,4.06,2.57,39.8,26.2,5.68,5.18,3.87,3.79,3.43,5.59,11.2
02GA016,1,1,2019,5,21.6,4.43,2.78,28.9,18.8,5.74,4.85,3.87,3.55,3.47,5.42,11.1
02GA016,1,1,2019,6,16,32.4,2.9,22.6,12.8,4.65,4.53,3.88,3.38,3.51,5.39,11
02GA016,1,1,2019,7,8.78,47.6,2.88,20,8.7,6.84,4.52,3.87,3.36,3.52,5.28,10.9
02GA016,1,1,2019,8,5.13,46,2.89,20,7.66,7.14,4.5,3.87,3.34,3.54,5.21,10.9
02GA016,1,1,2019,9,10.8,43.2,6.77,31.9,7.77,7.17,4.52,3.85,3.34,3.56,5.25,10.9
02GA016,1,1,2019,10,14.2,17.3,9.29,55.6,18.3,7.26,4.52,3.85,3.36,3.61,5.34,11.1
02GA016,1,1,2019,11,7.46,3.72,9.37,63.3,20.4,6.58,4.52,3.85,3.38,3.62,5.4,11.4
02GA016,1,1,2019,12,4.34,3.72,9.29,36.2,12.5,6.24,4.52,3.85,3.29,3.66,5.39,11.4
02GA016,1,1,2019,13,4.5,3.76,9.29,24.6,10.8,6.56,4.52,3.84,3.32,3.71,5.36,15.2
02GA016,1,1,2019,14,4.41,3.74,9.4,24.6,16.5,6.43,4.52,3.82,3.25,3.72,5.39,21.3
02GA016,1,1,2019,15,4.42,3.73,9.07,26.8,19.1,6.27,4.52,3.82,3.25,3.77,5.31,21.2
02GA016,1,1,2019,16,4.42,3.7,19.1,31.9,22.3,6.16,4.52,3.84,3.27,3.52,5.33,20.6
02GA016,1,1,2019,17,4.41,3.69,23.5,28.9,23.7,6.06,4.54,3.85,3.27,3.37,5.44,14.1
02GA016,1,1,2019,18,4.41,3.68,23.5,25.6,17.1,5.99,4.54,3.86,3.27,3.39,5.49,10.3
02GA016,1,1,2019,19,4.38,3.69,23.4,27,8.3,5.95,4.55,3.84,3.3,3.42,5.48,10.3
02GA016,1,1,2019,20,4.15,3.67,23.4,56.4,5.37,5.93,4.53,3.81,3.31,3.46,5.48,10.2
02GA016,1,1,2019,21,4.13,9.46,23.6,79,5.36,5.67,4.53,3.63,3.31,3.49,5.48,7.81
02GA016,1,1,2019,22,4.1,13.2,30.7,67.5,5.37,5.48,4.53,3.83,3.32,3.52,5.5,5.55
02GA016,1,1,2019,23,4.1,12.8,28.8,48,5.4,5.49,4.84,3.92,3.33,3.47,5.5,5.54
02GA016,1,1,2019,24,4.09,12.6,23.6,43.1,5.52,5.5,4.53,3.9,3.33,3.43,5.54,5.56
02GA016,1,1,2019,25,4.1,12.4,17.2,32.8,5.57,5.52,4.56,3.89,3.36,3.47,5.56,5.58
02GA016,1,1,2019,26,4.03,8.12,17.4,36.2,6.35,5.53,4.57,3.88,3.34,3.49,5.56,5.57
02GA016,1,1,2019,27,3.9,4.01,18.8,62.2,9.68,5.54,4.59,3.79,3.39,3.54,5.59,5.54
02GA016,1,1,2019,28,3.92,4.03,18.9,48.4,11.4,5.35,4.59,3.76,3.39,3.09,5.58,5.59
02GA016,1,1,2019,29,3.99,,25.7,32.2,11.4,5.24,4.14,3.75,3.39,2.83,12,15.6
02GA016,1,1,2019,30,4.01,,29,32.1,11.5,5.25,3.65,3.82,3.39,2.76,15.8,21.6
02GA016,1,1,2019,31,3.99,,42.3,,11.8,,3.77,3.84,,2.99,,24.8
02GA016,1,1,2020,1,26.4,14.7,5.3,47.6,4.9,9.38,5.09,4.26,6.2,5.48,9.8,15.3
02GA016,1,1,2020,2,23.1,8.89,5.27,26.1,4.89,9.37,5.1,4.28,5.67,5.42,7.01,15.4
02GA016,1,1,2020,3,15.3,5.5,5.31,14.3,4.87,6.44,5.09,4.28,5.18,5.44,5.41,12.6
02GA016,1,1,2020,4,11.4,5.49,5.32,11.5,4.84,5.08,5.11,4.25,5.62,5.42,5.4,8.43
02GA016,1,1,2020,5,11.5,5.5,5.32,11.5,4.84,5.1,5.12,4.22,6.26,5.38,5.47,5.83
02GA016,1,1,2020,6,11.5,5.49,5.27,7.38,4.83,5.1,5.13,4.21,6.26,5.39,5.41,5.84
02GA016,1,1,2020,7,11.4,5.5,5.27,5.21,4.84,5.09,5.13,8.24,5.62,5.4,5.41,5.87
02GA016,1,1,2020,8,11.4,5.5,5.27,5.21,4.3,5.1,5.14,20.2,5.3,5.34,5.09,5.89
02GA016,1,1,2020,9,11.4,5.5,5.24,5.06,3.83,5.11,5.1,15.6,5.34,5.33,5.09,5.9
02GA016,1,1,2020,10,11.3,5.4,5.71,4.94,3.83,5.15,5.13,4.96,5.33,5.36,5.18,5.88
02GA016,1,1,2020,11,23.6,5.51,5.77,4.93,3.83,5.17,5.13,4.96,5.32,4.85,5.19,5.88
02GA016,1,1,2020,12,52,5.53,19.2,4.91,3.85,5.15,5.12,4.94,5.39,5.09,5.18,10.6
02GA016,1,1,2020,13,106,5.53,37.5,4.93,3.87,5.14,5.11,4.96,5.39,5.25,5.27,40.4
02GA016,1,1,2020,14,117,5.53,51.4,4.91,3.87,5.15,5.12,5.61,5.35,5.36,5.26,51.6
02GA016,1,1,2020,15,117,5.54,51,4.9,3.88,5.15,5.14,6.5,4.54,5.38,5.14,49.3
02GA016,1,1,2020,16,120,5.52,47.2,8.2,3.87,5.18,5.16,6.53,3.46,5.35,9.23,34.3
02GA016,1,1,2020,17,70.7,5.5,44.3,9.85,7.09,5.19,5.09,5.61,3.44,5.33,14.5,20.5
02GA016,1,1,2020,18,23.1,5.51,27.8,9.87,7.25,5.2,5.2,5.13,3.56,5.32,14.6,16.3
02GA016,1,1,2020,19,12.9,5.49,14.1,6.45,5.04,5.19,5.24,4.8,3.73,5.29,14.6,7.92
02GA016,1,1,2020,20,8,5.48,29.5,4.9,4.99,5.16,5.25,4.03,3.61,5.3,14.4,5.76
02GA016,1,1,2020,21,5.47,5.48,51,4.9,5.13,5.15,5.27,5.44,3.44,5.3,14.4,5.75
02GA016,1,1,2020,22,5.49,5.27,51,4.9,8.04,5.14,5.31,6.42,4.79,5.3,14.2,5.77
02GA016,1,1,2020,23,5.49,5.2,34.1,4.9,9.32,5.14,4.55,5.76,7.05,5.29,13.7,5.79
02GA016,1,1,2020,24,5.46,5.21,15.7,4.9,6.51,6.83,3.36,4.69,7.11,13.4,13.9,5.81
02GA016,1,1,2020,25,8.76,5.22,9.51,4.9,5.04,8.46,4.63,4.72,7.11,25.6,13.6,5.82
02GA016,1,1,2020,26,13.8,5.27,9.57,4.89,5.05,8.4,5.44,4.79,7.16,24.1,13.8,5.82
02GA016,1,1,2020,27,15.1,5.39,13.9,4.9,5.06,6.23,4.67,4.84,7.15,14.5,24.1,5.85
02GA016,1,1,2020,28,15.1,5.46,18,4.9,5.07,5.13,4.29,4.9,6.08,9.8,29.4,5.87
02GA016,1,1,2020,29,15,5.43,29.8,4.9,5.08,5.1,4.29,5.71,5.55,9.79,20.4,8.9
02GA016,1,1,2020,30,14.9,,47.7,4.92,5.07,5.1,4.28,6.15,5.53,9.78,15.3,14.7
02GA016,1,1,2020,31,14.8,,47.9,,7.88,,4.26,6.18,,9.78,,16.6
02GA016,1,1,2021,1,16.6,3.85,5.21,16.3,3.99,4.58,3.44,4.57,3.62,5.68,18.3,11.5
02GA016,1,1,2021,2,16.6,3.85,5.21,12.8,3.99,4.59,3.42,4.58,3.62,5.69,19.9,11.5
02GA016,1,1,2021,3,13.3,3.86,5.2,7.17,3.99,4.76,3.42,4.58,3.62,5.76,20,16.7
02GA016,1,1,2021,4,11.4,3.87,5.43,5.22,3.99,5.08,3.41,4.58,3.64,5.62,19.1,21.2
02GA016,1,1,2021,5,11.4,3.87,5.82,5.2,3.98,5.08,3.4,4.59,3.65,5.5,11,21.1
02GA016,1,1,2021,6,11.4,3.82,5.81,5.21,3.96,5.22,3.39,4.62,3.67,5.49,6.07,21.2
02GA016,1,1,2021,7,7.85,3.81,5.81,5.19,4,5.28,3.39,4.64,3.69,5.56,6.09,31.1
02GA016,1,1,2021,8,5.85,3.83,5.81,5.19,3.99,5.29,3.38,4.62,3.67,5.52,6.11,40.9
02GA016,1,1,2021,9,5.87,3.82,9.55,5.2,3.99,4.66,3.35,4.62,3.64,5.54,6.12,42.9
02GA016,1,1,2021,10,5.89,3.83,11.7,5.18,3.99,4.36,3.32,4.59,3.65,5.53,6.14,30.8
02GA016,1,1,2021,11,5.88,3.84,9.7,5.19,3.99,4.35,3.3,4.55,3.69,5.53,6.15,27
02GA016,1,1,2021,12,5.89,3.84,11.1,5.2,3.95,4.35,3.28,4.55,3.69,5.56,6.17,48.3
02GA016,1,1,2021,13,5.87,3.86,40.2,5.14,3.98,4.72,3.5,4.54,3.71,5.57,6.19,63.8
02GA016,1,1,2021,14,5.87,3.86,59.1,5.08,3.98,4.92,3.74,4.57,3.83,5.58,6.21,54.8
02GA016,1,1,2021,15,5.87,3.86,35.9,5.03,3.99,4.91,3.74,4.6,3.79,5.59,6.2,40.2
02GA016,1,1,2021,16,5.89,3.89,14.8,5.02,4.38,5.2,3.65,4.61,3.73,5.56,6.2,34.9
02GA016,1,1,2021,17,5.9,3.91,7.7,5.02,4.59,5.36,3.58,4.62,3.71,5.57,6.2,22.8
02GA016,1,1,2021,18,5.89,3.9,5.78,5.03,4.61,5.39,3.71,4.63,3.86,5.54,12.5,16.6
02GA016,1,1,2021,19,5.9,3.92,5.73,5.05,4.62,5.4,3.89,4.62,4.11,10.1,20.2,16.5
02GA016,1,1,2021,20,5.91,3.93,5.7,5.05,4.63,5.02,4.01,4.63,4.24,16.8,21.4,12
02GA016,1,1,2021,21,4.84,3.96,5.66,5.05,4.74,4.77,4.2,4.65,4.31,16.1,21.2,9.53
02GA016,1,1,2021,22,3.94,5.09,5.68,5.07,4.86,4.77,4.23,4.27,4.22,9.39,18.5,9.58
02GA016,1,1,2021,23,3.92,5.47,4.93,5.09,4.88,4.77,4.44,4.13,10,5.21,16.3,7.55
02GA016,1,1,2021,24,3.93,5.27,4.73,5.1,4.9,4.79,4.62,3.99,23.5,5.15,15.7,5.97
02GA016,1,1,2021,25,3.94,5.25,5.55,5.11,4.98,4.59,4.61,3.94,37.5,5.33,16.2,5.87
02GA016,1,1,2021,26,3.89,5.23,14.3,5.13,5.06,4.52,4.59,4.66,41,5.28,16,12.5
02GA016,1,1,2021,27,3.88,5.22,36.1,5.14,5.07,3.78,4.58,5.5,35.4,5.28,20,14.3
02GA016,1,1,2021,28,3.9,5.21,46.5,4.65,5.05,3.66,4.58,5.51,30.2,14.4,18.2,13.1
02GA016,1,1,2021,29,3.88,,49.1,3.98,4.44,3.64,4.6,5.51,21.9,18.2,14.6,10.4
02GA016,1,1,2021,30,3.88,,36.1,3.95,4.11,3.48,4.61,4.44,9.82,18.6,11.5,10.8
02GA016,1,1,2021,31,3.85,,20.8,,4.43,,4.59,3.64,,18.5,,12
02GA016,1,1,2022,1,10.6,3.52,6.21,9.82,4.8,3.04,4.32,4.76,4.8,2.98,2.37,2.04
02GA016,1,1,2022,2,9.66,3.52,6.22,16.7,4.8,3.04,4.33,4.64,4.83,2.52,2.11,2.03
02GA016,1,1,2022,3,7.14,3.51,6.21,16.6,4.79,3.05,4.31,4.6,4.81,2.52,2.11,2.04
02GA016,1,1,2022,4,5.71,3.55,6.19,8.95,6.98,3.06,4.33,4.65,4.79,2.5,2.12,2.04
02GA016,1,1,2022,5,5.71,3.57,6.19,10.7,8.08,3.12,4.35,4.64,4.82,2.49,2.15,2.04
02GA016,1,1,2022,6,5.7,3.59,6.28,13.3,7.99,3.1,4.33,4.65,4.86,2.84,2.12,2.03
02GA016,1,1,2022,7,5.69,3.56,6.21,13.4,5.7,3.13,4.33,4.67,4.87,2.74,2.1,2.03
02GA016,1,1,2022,8,5.68,3.58,6.31,13.4,4.66,3.13,4.33,4.67,4.83,2.5,2.07,2.02
02GA016,1,1,2022,9,5.67,3.61,9.58,13.4,4.65,3.14,4.32,4.62,4.78,2.49,2.06,2.01
02GA016,1,1,2022,10,4.67,3.64,11.2,13.4,4.63,3.14,4.34,4.62,4.8,2.52,2.06,2
02GA016,1,1,2022,11,4.07,3.67,11,13.4,4.62,3.16,4.36,4.63,4.79,2.57,2.06,2.01
02GA016,1,1,2022,12,4.08,3.66,10.9,13.4,4.64,3.19,4.53,4.65,4.79,2.59,2.06,2
02GA016,1,1,2022,13,4.05,3.66,10.9,7.75,4.66,3.18,4.62,4.68,4.65,2.51,2.05,2.01
02GA016,1,1,2022,14,4.05,3.67,11.1,5.15,4.67,3.16,4.61,4.71,4.62,2.48,2.05,2
02GA016,1,1,2022,15,4.07,3.67,16.6,5.14,4.67,3.19,4.62,4.71,4.67,2.52,2.05,2.01
02GA016,1,1,2022,16,4.07,3.69,24.2,5.1,4.64,3.21,4.65,4.73,4.32,2.52,2.06,2.01
02GA016,1,1,2022,17,4.05,5.1,25.8,5.06,4.42,3.2,4.67,4.66,3.66,2.54,2.06,2.03
02GA016,1,1,2022,18,4.09,5.81,48.6,5.05,3.76,3.19,4.69,4.64,3.65,2.53,2.08,2.03
02GA016,1,1,2022,19,4.13,5.78,59.9,5.07,3.21,3.2,4.75,4.67,3.69,2.52,2.07,2.01
02GA016,1,1,2022,20,4.12,5.71,78,5.06,3.22,3.24,4.77,4.69,3.69,2.6,2.05,2
02GA016,1,1,2022,21,4.16,5.86,83.6,5.08,3.24,3.27,4.75,4.72,3.74,2.58,2.04,1.99
02GA016,1,1,2022,22,4.2,5.91,75.9,7.47,3.21,3.28,4.77,4.73,3.76,2.63,2.01,1.98
02GA016,1,1,2022,23,4.16,5.98,58.7,9.13,3.2,3.27,4.83,4.74,3.71,2.58,2.01,1.97
02GA016,1,1,2022,24,3.9,6,50.1,10.2,3.21,3.61,4.76,4.73,3.63,2.56,2.01,1.96
02GA016,1,1,2022,25,3.45,6.13,67.6,11.1,3.21,3.94,4.69,4.77,3.6,2.5,2.02,1.96
02GA016,1,1,2022,26,3.46,6.18,51.5,11.2,3.06,3.83,4.7,4.77,3.58,2.52,2.02,1.95
02GA016,1,1,2022,27,3.46,6.2,22.9,11.2,2.86,3.84,4.71,4.79,3.61,2.58,2.02,1.95
02GA016,1,1,2022,28,3.43,6.2,9.84,8.4,2.97,3.98,4.72,4.81,3.58,2.62,2.02,1.95
02GA016,1,1,2022,29,3.44,,5.44,4.81,2.99,4.2,4.72,4.9,3.6,2.63,2.03,1.94
02GA016,1,1,2022,30,3.45,,5.41,4.8,3.03,4.29,4.72,4.9,3.59,2.59,2.06,1.95
02GA016,1,1,2022,31,3.52,,5.41,,3.04,,4.74,4.87,,2.56,,2
02GA016,1,1,2023,1,2.14,2.98,5.59,59.7,13.9,3.37,4.87,5.43,6.06,5.07,2.84,2.85
02GA016,1,1,2023,2,2.66,3.02,5.61,81.5,15.9,3.38,4.84,5.81,6.07,5.17,2.89,2.82
02GA016,1,1,2023,3,6.81,3.01,4.73,81.1,19.5,3.78,4.83,5.92,6.11,4.97,2.86,2.82
02GA016,1,1,2023,4,9.88,3.06,4.03,69.1,21.5,3.94,4.87,5.94,6.08,4.89,2.82,2.82
02GA016,1,1,2023,5,16.4,3.01,3.97,59.8,24.7,3.96,4.89,6,5.32,4.94,2.84,2.8
02GA016,1,1,2023,6,22.6,2.99,3.95,80.1,24.6,4,4.89,6.09,5.07,4.82,2.89,2.77
02GA016,1,1,2023,7,21.2,3.04,3.92,89.8,14,4.03,4.9,6.87,5.11,4.78,2.89,2.8
02GA016,1,1,2023,8,20.3,3.01,3.93,53,16.4,4.05,4.92,7.94,5.12,4.82,2.91,2.81
02GA016,1,1,2023,9,19.7,3.06,3.93,21.3,19.7,4.05,4.94,7.18,5.12,4.21,2.86,2.83
02GA016,1,1,2023,10,13.3,8.6,3.89,8.32,19.7,4.07,4.97,6.18,5.11,3.87,2.78,2.8
02GA016,1,1,2023,11,8,15.6,3.92,5.13,10.9,4.07,5,6.19,5.11,3.85,2.75,6.76
02GA016,1,1,2023,12,6.91,16,3.92,5.09,4.44,3.51,5.02,6.17,5.13,3.85,2.78,10
02GA016,1,1,2023,13,6.12,15.4,3.92,6.25,4.41,2.93,17.5,6.11,5.12,3.84,2.8,10.2
02GA016,1,1,2023,14,5.7,14.8,3.95,6.81,4.38,2.92,37.9,6.14,5.13,3.82,2.77,7.03
02GA016,1,1,2023,15,5.66,14.9,3.98,6.76,4.38,2.94,36.2,6.14,5.16,3.87,2.77,4.91
02GA016,1,1,2023,16,4.25,17.7,3.91,6.76,4.37,2.95,20.6,6.14,5.16,3.18,2.81,4.88
02GA016,1,1,2023,17,3.55,20.2,3.97,6.78,4.36,3.06,7.36,6.15,5.21,2.79,3.01,4.91
02GA016,1,1,2023,18,3.54,16.8,3.95,6.75,4.38,3.18,5.99,6.12,5.06,2.78,2.77,4.91
02GA016,1,1,2023,19,3.54,14.9,3.92,6.69,4.4,3.42,7,6.07,5.03,2.82,2.81,4.92
02GA016,1,1,2023,20,3.5,14.8,3.89,6.67,3.43,3.62,6.59,6.18,5.03,2.88,2.83,4.94
02GA016,1,1,2023,21,3.21,13.9,3.84,6.69,3.05,3.76,6.11,6.14,5.05,2.87,2.84,4.95
02GA016,1,1,2023,22,3.01,11,3.87,6.72,3.05,3.97,6.15,6.14,5.07,2.89,2.84,4.95
02GA016,1,1,2023,23,3.01,7.32,3.9,13.9,3.05,4.09,6.19,6.18,5.1,2.92,2.85,4.95
02GA016,1,1,2023,24,3.04,5.65,3.82,20.5,3.01,4.07,6.25,6.14,5,2.87,2.85,4.95
02GA016,1,1,2023,25,2.97,5.66,4.95,24.7,2.95,3.75,6.3,4.98,4.96,2.81,2.86,4.95
02GA016,1,1,2023,26,2.96,5.68,23.8,19.4,2.96,3.6,6.38,4.65,5.03,2.85,2.85,4.98
02GA016,1,1,2023,27,2.98,5.59,58.6,8.32,2.98,6.43,6.44,4.7,5.07,2.86,2.86,9.33
02GA016,1,1,2023,28,2.98,5.57,77.4,4.69,2.99,10.4,6.49,5.57,5.12,2.85,2.84,28.3
02GA016,1,1,2023,29,2.96,,77.9,4.69,3.15,9.26,6.4,6.05,5.16,2.84,2.81,31.6
02GA016,1,1,2023,30,2.97,,60.6,5.78,3.34,4.78,5.24,6.09,5.18,2.86,2.77,29
02GA016,1,1,2023,31,2.99,,39.9,,3.39,,4.75,6.02,,2.88,,28.1
